problem_class,problem_score
hard,9.7
hard,9.7
hard,9.6
hard,9.6
hard,9.6
hard,9.6
hard,9.6
hard,9.5
hard,9.5
hard,9.5
hard,9.5
hard,9.5
hard,9.5
hard,9.5
hard,9.4
hard,9.4
hard,9.4
hard,9.4
hard,9.4
hard,9.4
hard,9.4
hard,9.4
hard,9.4
hard,9.4
hard,9.4
hard,9.4
hard,9.4
hard,9.3
hard,9.3
hard,9.3
hard,9.3
hard,9.3
hard,9.3
hard,9.3
hard,9.3
hard,9.3
hard,9.3
hard,9.3
hard,9.3
hard,9.3
hard,9.3
hard,9.2
hard,9.2
hard,9.2
hard,9.2
hard,9.2
hard,9.2
hard,9.2
hard,9.2
hard,9.2
hard,9.2
hard,9.2
hard,9.1
hard,9.1
hard,9.1
hard,9.1
hard,9.1
hard,9.1
hard,9.1
hard,9.1
hard,9.1
hard,9.1
hard,9.1
hard,9.1
hard,9.1
hard,9.1
hard,9.1
hard,9.1
hard,9.1
hard,9.1
hard,9.1
hard,9.1
hard,9.1
hard,9.1
hard,9.1
hard,9.1
hard,9.1
hard,9.1
hard,9.1
hard,9.0
hard,9.0
hard,9.0
hard,9.0
hard,9.0
hard,9.0
hard,9.0
hard,9.0
hard,9.0
hard,9.0
hard,9.0
hard,9.0
hard,9.0
hard,9.0
hard,9.0
hard,9.0
hard,9.0
hard,9.0
hard,8.9
hard,8.9
hard,8.9
hard,8.9
hard,8.9
hard,8.9
hard,8.9
hard,8.9
hard,8.9
hard,8.9
hard,8.9
hard,8.9
hard,8.9
hard,8.9
hard,8.9
hard,8.9
hard,8.9
hard,8.9
hard,8.8
hard,8.8
hard,8.8
hard,8.8
hard,8.8
hard,8.8
hard,8.8
hard,8.8
hard,8.8
hard,8.8
hard,8.8
hard,8.8
hard,8.8
hard,8.8
hard,8.8
hard,8.8
hard,8.8
hard,8.8
hard,8.8
hard,8.8
hard,8.8
hard,8.8
hard,8.8
hard,8.8
hard,8.7
hard,8.7
hard,8.7
hard,8.7
hard,8.7
hard,8.7
hard,8.7
hard,8.7
hard,8.7
hard,8.7
hard,8.7
hard,8.7
hard,8.7
hard,8.7
hard,8.7
hard,8.7
hard,8.7
hard,8.7
hard,8.7
hard,8.7
hard,8.7
hard,8.7
hard,8.7
hard,8.7
hard,8.7
hard,8.7
hard,8.7
hard,8.7
hard,8.7
hard,8.7
hard,8.7
hard,8.7
hard,8.7
hard,8.7
hard,8.7
hard,8.6
hard,8.6
hard,8.6
hard,8.6
hard,8.6
hard,8.6
hard,8.6
hard,8.6
hard,8.6
hard,8.6
hard,8.6
hard,8.6
hard,8.6
hard,8.6
hard,8.6
hard,8.6
hard,8.6
hard,8.6
hard,8.6
hard,8.6
hard,8.6
hard,8.6
hard,8.6
hard,8.6
hard,8.6
hard,8.6
hard,8.6
hard,8.6
hard,8.6
hard,8.6
hard,8.6
hard,8.5
hard,8.5
hard,8.5
hard,8.5
hard,8.5
hard,8.5
hard,8.5
hard,8.5
hard,8.5
hard,8.5
hard,8.5
hard,8.5
hard,8.5
hard,8.5
hard,8.5
hard,8.5
hard,8.5
hard,8.5
hard,8.5
hard,8.5
hard,8.5
hard,8.5
hard,8.5
hard,8.5
hard,8.5
hard,8.5
hard,8.5
hard,8.5
hard,8.5
hard,8.5
hard,8.5
hard,8.5
hard,8.5
hard,8.5
hard,8.5
hard,8.4
hard,8.4
hard,8.4
hard,8.4
hard,8.4
hard,8.4
hard,8.4
hard,8.4
hard,8.4
hard,8.4
hard,8.4
hard,8.4
hard,8.4
hard,8.4
hard,8.4
hard,8.4
hard,8.4
hard,8.4
hard,8.4
hard,8.4
hard,8.4
hard,8.4
hard,8.4
hard,8.4
hard,8.4
hard,8.4
hard,8.4
hard,8.4
hard,8.4
hard,8.4
hard,8.4
hard,8.4
hard,8.4
hard,8.4
hard,8.4
hard,8.4
hard,8.4
hard,8.3
hard,8.3
hard,8.3
hard,8.3
hard,8.3
hard,8.3
hard,8.3
hard,8.3
hard,8.3
hard,8.3
hard,8.3
hard,8.3
hard,8.3
hard,8.3
hard,8.3
hard,8.3
hard,8.3
hard,8.3
hard,8.3
hard,8.3
hard,8.3
hard,8.3
hard,8.3
hard,8.3
hard,8.3
hard,8.3
hard,8.3
hard,8.3
hard,8.3
hard,8.3
hard,8.3
hard,8.3
hard,8.3
hard,8.3
hard,8.3
hard,8.3
hard,8.3
hard,8.3
hard,8.2
hard,8.2
hard,8.2
hard,8.2
hard,8.2
hard,8.2
hard,8.2
hard,8.2
hard,8.2
hard,8.2
hard,8.2
hard,8.2
hard,8.2
hard,8.2
hard,8.2
hard,8.2
hard,8.2
hard,8.2
hard,8.2
hard,8.2
hard,8.2
hard,8.2
hard,8.2
hard,8.2
hard,8.2
hard,8.2
hard,8.2
hard,8.2
hard,8.2
hard,8.2
hard,8.2
hard,8.2
hard,8.2
hard,8.2
hard,8.2
hard,8.2
hard,8.2
hard,8.2
hard,8.2
hard,8.2
hard,8.2
hard,8.2
hard,8.2
hard,8.2
hard,8.2
hard,8.1
hard,8.1
hard,8.1
hard,8.1
hard,8.1
hard,8.1
hard,8.1
hard,8.1
hard,8.1
hard,8.1
hard,8.1
hard,8.1
hard,8.1
hard,8.1
hard,8.1
hard,8.1
hard,8.1
hard,8.1
hard,8.1
hard,8.1
hard,8.1
hard,8.1
hard,8.1
hard,8.1
hard,8.1
hard,8.1
hard,8.1
hard,8.1
hard,8.1
hard,8.1
hard,8.1
hard,8.1
hard,8.1
hard,8.1
hard,8.1
hard,8.1
hard,8.1
hard,8.1
hard,8.1
hard,8.1
hard,8.0
hard,8.0
hard,8.0
hard,8.0
hard,8.0
hard,8.0
hard,8.0
hard,8.0
hard,8.0
hard,8.0
hard,8.0
hard,8.0
hard,8.0
hard,8.0
hard,8.0
hard,8.0
hard,8.0
hard,8.0
hard,8.0
hard,8.0
hard,8.0
hard,8.0
hard,8.0
hard,8.0
hard,8.0
hard,8.0
hard,8.0
hard,8.0
hard,8.0
hard,8.0
hard,8.0
hard,8.0
hard,8.0
hard,8.0
hard,8.0
hard,8.0
hard,8.0
hard,8.0
hard,8.0
hard,8.0
hard,8.0
hard,8.0
hard,8.0
hard,8.0
hard,8.0
hard,8.0
hard,8.0
hard,8.0
hard,7.9
hard,7.9
hard,7.9
hard,7.9
hard,7.9
hard,7.9
hard,7.9
hard,7.9
hard,7.9
hard,7.9
hard,7.9
hard,7.9
hard,7.9
hard,7.9
hard,7.9
hard,7.9
hard,7.9
hard,7.9
hard,7.9
hard,7.9
hard,7.9
hard,7.9
hard,7.9
hard,7.9
hard,7.9
hard,7.9
hard,7.9
hard,7.9
hard,7.9
hard,7.9
hard,7.9
hard,7.9
hard,7.9
hard,7.9
hard,7.9
hard,7.9
hard,7.9
hard,7.9
hard,7.9
hard,7.9
hard,7.9
hard,7.9
hard,7.9
hard,7.9
hard,7.9
hard,7.9
hard,7.9
hard,7.9
hard,7.9
hard,7.9
hard,7.8
hard,7.8
hard,7.8
hard,7.8
hard,7.8
hard,7.8
hard,7.8
hard,7.8
hard,7.8
hard,7.8
hard,7.8
hard,7.8
hard,7.8
hard,7.8
hard,7.8
hard,7.8
hard,7.8
hard,7.8
hard,7.8
hard,7.8
hard,7.8
hard,7.8
hard,7.8
hard,7.8
hard,7.8
hard,7.8
hard,7.8
hard,7.8
hard,7.8
hard,7.8
hard,7.8
hard,7.8
hard,7.8
hard,7.8
hard,7.8
hard,7.8
hard,7.8
hard,7.8
hard,7.8
hard,7.8
hard,7.8
hard,7.8
hard,7.8
hard,7.8
hard,7.8
hard,7.7
hard,7.7
hard,7.7
hard,7.7
hard,7.7
hard,7.7
hard,7.7
hard,7.7
hard,7.7
hard,7.7
hard,7.7
hard,7.7
hard,7.7
hard,7.7
hard,7.7
hard,7.7
hard,7.7
hard,7.7
hard,7.7
hard,7.7
hard,7.7
hard,7.7
hard,7.7
hard,7.7
hard,7.7
hard,7.7
hard,7.7
hard,7.7
hard,7.7
hard,7.7
hard,7.7
hard,7.7
hard,7.7
hard,7.7
hard,7.7
hard,7.7
hard,7.7
hard,7.7
hard,7.7
hard,7.7
hard,7.7
hard,7.7
hard,7.7
hard,7.7
hard,7.6
hard,7.6
hard,7.6
hard,7.6
hard,7.6
hard,7.6
hard,7.6
hard,7.6
hard,7.6
hard,7.6
hard,7.6
hard,7.6
hard,7.6
hard,7.6
hard,7.6
hard,7.6
hard,7.6
hard,7.6
hard,7.6
hard,7.6
hard,7.6
hard,7.6
hard,7.6
hard,7.6
hard,7.6
hard,7.6
hard,7.6
hard,7.6
hard,7.6
hard,7.6
hard,7.6
hard,7.6
hard,7.6
hard,7.6
hard,7.6
hard,7.6
hard,7.6
hard,7.6
hard,7.6
hard,7.6
hard,7.6
hard,7.6
hard,7.6
hard,7.6
hard,7.6
hard,7.6
hard,7.6
hard,7.6
hard,7.6
hard,7.6
hard,7.6
hard,7.6
hard,7.6
hard,7.6
hard,7.6
hard,7.6
hard,7.5
hard,7.5
hard,7.5
hard,7.5
hard,7.5
hard,7.5
hard,7.5
hard,7.5
hard,7.5
hard,7.5
hard,7.5
hard,7.5
hard,7.5
hard,7.5
hard,7.5
hard,7.5
hard,7.5
hard,7.5
hard,7.5
hard,7.5
hard,7.5
hard,7.5
hard,7.5
hard,7.5
hard,7.5
hard,7.5
hard,7.5
hard,7.5
hard,7.5
hard,7.5
hard,7.5
hard,7.5
hard,7.5
hard,7.5
hard,7.5
hard,7.5
hard,7.5
hard,7.5
hard,7.5
hard,7.5
hard,7.5
hard,7.5
hard,7.5
hard,7.5
hard,7.5
hard,7.5
hard,7.5
hard,7.4
hard,7.4
hard,7.4
hard,7.4
hard,7.4
hard,7.4
hard,7.4
hard,7.4
hard,7.4
hard,7.4
hard,7.4
hard,7.4
hard,7.4
hard,7.4
hard,7.4
hard,7.4
hard,7.4
hard,7.4
hard,7.4
hard,7.4
hard,7.4
hard,7.4
hard,7.4
hard,7.4
hard,7.4
hard,7.4
hard,7.4
hard,7.4
hard,7.4
hard,7.4
hard,7.4
hard,7.4
hard,7.4
hard,7.4
hard,7.4
hard,7.4
hard,7.4
hard,7.4
hard,7.4
hard,7.4
hard,7.4
hard,7.4
hard,7.4
hard,7.4
hard,7.4
hard,7.4
hard,7.4
hard,7.4
hard,7.4
hard,7.4
hard,7.4
hard,7.4
hard,7.4
hard,7.3
hard,7.3
hard,7.3
hard,7.3
hard,7.3
hard,7.3
hard,7.3
hard,7.3
hard,7.3
hard,7.3
hard,7.3
hard,7.3
hard,7.3
hard,7.3
hard,7.3
hard,7.3
hard,7.3
hard,7.3
hard,7.3
hard,7.3
hard,7.3
hard,7.3
hard,7.3
hard,7.3
hard,7.3
hard,7.3
hard,7.3
hard,7.3
hard,7.3
hard,7.3
hard,7.3
hard,7.3
hard,7.3
hard,7.3
hard,7.3
hard,7.3
hard,7.3
hard,7.3
hard,7.3
hard,7.3
hard,7.3
hard,7.3
hard,7.3
hard,7.3
hard,7.3
hard,7.3
hard,7.3
hard,7.3
hard,7.3
hard,7.3
hard,7.3
hard,7.3
hard,7.3
hard,7.3
hard,7.3
hard,7.3
hard,7.3
hard,7.3
hard,7.3
hard,7.3
hard,7.3
hard,7.2
hard,7.2
hard,7.2
hard,7.2
hard,7.2
hard,7.2
hard,7.2
hard,7.2
hard,7.2
hard,7.2
hard,7.2
hard,7.2
hard,7.2
hard,7.2
hard,7.2
hard,7.2
hard,7.2
hard,7.2
hard,7.2
hard,7.2
hard,7.2
hard,7.2
hard,7.2
hard,7.2
hard,7.2
hard,7.2
hard,7.2
hard,7.2
hard,7.2
hard,7.2
hard,7.2
hard,7.2
hard,7.2
hard,7.2
hard,7.2
hard,7.2
hard,7.2
hard,7.2
hard,7.2
hard,7.2
hard,7.2
hard,7.2
hard,7.2
hard,7.2
hard,7.2
hard,7.2
hard,7.2
hard,7.2
hard,7.2
hard,7.2
hard,7.2
hard,7.2
hard,7.2
hard,7.2
hard,7.2
hard,7.2
hard,7.2
hard,7.2
hard,7.2
hard,7.2
hard,7.2
hard,7.2
hard,7.2
hard,7.2
hard,7.2
hard,7.1
hard,7.1
hard,7.1
hard,7.1
hard,7.1
hard,7.1
hard,7.1
hard,7.1
hard,7.1
hard,7.1
hard,7.1
hard,7.1
hard,7.1
hard,7.1
hard,7.1
hard,7.1
hard,7.1
hard,7.1
hard,7.1
hard,7.1
hard,7.1
hard,7.1
hard,7.1
hard,7.1
hard,7.1
hard,7.1
hard,7.1
hard,7.1
hard,7.1
hard,7.1
hard,7.1
hard,7.1
hard,7.1
hard,7.1
hard,7.1
hard,7.1
hard,7.1
hard,7.1
hard,7.1
hard,7.1
hard,7.1
hard,7.1
hard,7.1
hard,7.1
hard,7.1
hard,7.1
hard,7.1
hard,7.1
hard,7.1
hard,7.1
hard,7.1
hard,7.1
hard,7.0
hard,7.0
hard,7.0
hard,7.0
hard,7.0
hard,7.0
hard,7.0
hard,7.0
hard,7.0
hard,7.0
hard,7.0
hard,7.0
hard,7.0
hard,7.0
hard,7.0
hard,7.0
hard,7.0
hard,7.0
hard,7.0
hard,7.0
hard,7.0
hard,7.0
hard,7.0
hard,7.0
hard,7.0
hard,7.0
hard,7.0
hard,7.0
hard,7.0
hard,7.0
hard,7.0
hard,7.0
hard,7.0
hard,7.0
hard,7.0
hard,7.0
hard,7.0
hard,7.0
hard,7.0
hard,7.0
hard,7.0
hard,7.0
hard,7.0
hard,7.0
hard,7.0
hard,7.0
hard,7.0
hard,7.0
hard,7.0
hard,7.0
hard,7.0
hard,7.0
hard,7.0
hard,6.9
hard,6.9
hard,6.9
hard,6.9
hard,6.9
hard,6.9
hard,6.9
hard,6.9
hard,6.9
hard,6.9
hard,6.9
hard,6.9
hard,6.9
hard,6.9
hard,6.9
hard,6.9
hard,6.9
hard,6.9
hard,6.9
hard,6.9
hard,6.9
hard,6.9
hard,6.9
hard,6.9
hard,6.9
hard,6.9
hard,6.9
hard,6.9
hard,6.9
hard,6.9
hard,6.9
hard,6.9
hard,6.9
hard,6.9
hard,6.9
hard,6.9
hard,6.9
hard,6.9
hard,6.9
hard,6.9
hard,6.9
hard,6.9
hard,6.9
hard,6.9
hard,6.9
hard,6.9
hard,6.9
hard,6.9
hard,6.9
hard,6.9
hard,6.9
hard,6.9
hard,6.9
hard,6.9
hard,6.9
hard,6.9
hard,6.9
hard,6.9
hard,6.9
hard,6.9
hard,6.9
hard,6.9
hard,6.9
hard,6.9
hard,6.9
hard,6.9
hard,6.9
hard,6.8
hard,6.8
hard,6.8
hard,6.8
hard,6.8
hard,6.8
hard,6.8
hard,6.8
hard,6.8
hard,6.8
hard,6.8
hard,6.8
hard,6.8
hard,6.8
hard,6.8
hard,6.8
hard,6.8
hard,6.8
hard,6.8
hard,6.8
hard,6.8
hard,6.8
hard,6.8
hard,6.8
hard,6.8
hard,6.8
hard,6.8
hard,6.8
hard,6.8
hard,6.8
hard,6.8
hard,6.8
hard,6.8
hard,6.8
hard,6.8
hard,6.8
hard,6.8
hard,6.8
hard,6.8
hard,6.8
hard,6.8
hard,6.8
hard,6.8
hard,6.8
hard,6.8
hard,6.8
hard,6.8
hard,6.8
hard,6.8
hard,6.8
hard,6.8
hard,6.8
hard,6.8
hard,6.8
hard,6.8
hard,6.8
hard,6.8
hard,6.8
hard,6.8
hard,6.8
hard,6.7
hard,6.7
hard,6.7
hard,6.7
hard,6.7
hard,6.7
hard,6.7
hard,6.7
hard,6.7
hard,6.7
hard,6.7
hard,6.7
hard,6.7
hard,6.7
hard,6.7
hard,6.7
hard,6.7
hard,6.7
hard,6.7
hard,6.7
hard,6.7
hard,6.7
hard,6.7
hard,6.7
hard,6.7
hard,6.7
hard,6.7
hard,6.7
hard,6.7
hard,6.7
hard,6.7
hard,6.7
hard,6.7
hard,6.7
hard,6.7
hard,6.7
hard,6.7
hard,6.7
hard,6.7
hard,6.7
hard,6.7
hard,6.7
hard,6.7
hard,6.7
hard,6.7
hard,6.7
hard,6.7
hard,6.7
hard,6.7
hard,6.7
hard,6.7
hard,6.7
hard,6.7
hard,6.7
hard,6.7
hard,6.7
hard,6.7
hard,6.7
hard,6.6
hard,6.6
hard,6.6
hard,6.6
hard,6.6
hard,6.6
hard,6.6
hard,6.6
hard,6.6
hard,6.6
hard,6.6
hard,6.6
hard,6.6
hard,6.6
hard,6.6
hard,6.6
hard,6.6
hard,6.6
hard,6.6
hard,6.6
hard,6.6
hard,6.6
hard,6.6
hard,6.6
hard,6.6
hard,6.6
hard,6.6
hard,6.6
hard,6.6
hard,6.6
hard,6.6
hard,6.6
hard,6.6
hard,6.6
hard,6.6
hard,6.6
hard,6.6
hard,6.6
hard,6.6
hard,6.6
hard,6.6
hard,6.6
hard,6.6
hard,6.6
hard,6.6
hard,6.6
hard,6.6
hard,6.6
hard,6.6
hard,6.6
hard,6.6
hard,6.6
hard,6.6
hard,6.6
hard,6.6
hard,6.6
hard,6.5
hard,6.5
hard,6.5
hard,6.5
hard,6.5
hard,6.5
hard,6.5
hard,6.5
hard,6.5
hard,6.5
hard,6.5
hard,6.5
hard,6.5
hard,6.5
hard,6.5
hard,6.5
hard,6.5
hard,6.5
hard,6.5
hard,6.5
hard,6.5
hard,6.5
hard,6.5
hard,6.5
hard,6.5
hard,6.5
hard,6.5
hard,6.5
hard,6.5
hard,6.5
hard,6.5
hard,6.5
hard,6.5
hard,6.5
hard,6.5
hard,6.5
hard,6.5
hard,6.5
hard,6.5
hard,6.5
hard,6.5
hard,6.5
hard,6.5
hard,6.5
hard,6.5
hard,6.4
hard,6.4
hard,6.4
hard,6.4
hard,6.4
hard,6.4
hard,6.4
hard,6.4
hard,6.4
hard,6.4
hard,6.4
hard,6.4
hard,6.4
hard,6.4
hard,6.4
hard,6.4
hard,6.4
hard,6.4
hard,6.4
hard,6.4
hard,6.4
hard,6.4
hard,6.4
hard,6.4
hard,6.4
hard,6.4
hard,6.4
hard,6.4
hard,6.4
hard,6.4
hard,6.4
hard,6.4
hard,6.4
hard,6.4
hard,6.4
hard,6.4
hard,6.4
hard,6.4
hard,6.4
hard,6.4
hard,6.4
hard,6.4
hard,6.4
hard,6.4
hard,6.4
hard,6.4
hard,6.4
hard,6.4
hard,6.4
hard,6.4
hard,6.4
hard,6.4
hard,6.4
hard,6.4
hard,6.4
hard,6.4
hard,6.4
hard,6.4
hard,6.4
hard,6.3
hard,6.3
hard,6.3
hard,6.3
hard,6.3
hard,6.3
hard,6.3
hard,6.3
hard,6.3
hard,6.3
hard,6.3
hard,6.3
hard,6.3
hard,6.3
hard,6.3
hard,6.3
hard,6.3
hard,6.3
hard,6.3
hard,6.3
hard,6.3
hard,6.3
hard,6.3
hard,6.3
hard,6.3
hard,6.3
hard,6.3
hard,6.3
hard,6.3
hard,6.3
hard,6.3
hard,6.3
hard,6.3
hard,6.3
hard,6.3
hard,6.3
hard,6.3
hard,6.3
hard,6.3
hard,6.3
hard,6.3
hard,6.3
hard,6.3
hard,6.3
hard,6.3
hard,6.3
hard,6.3
hard,6.3
hard,6.3
hard,6.3
hard,6.3
hard,6.3
hard,6.3
hard,6.3
hard,6.3
hard,6.3
hard,6.3
hard,6.3
hard,6.3
hard,6.3
hard,6.3
hard,6.3
hard,6.3
hard,6.3
hard,6.3
hard,6.3
hard,6.3
hard,6.3
hard,6.3
hard,6.3
hard,6.3
hard,6.3
hard,6.3
hard,6.3
hard,6.3
hard,6.3
hard,6.3
hard,6.3
hard,6.3
hard,6.3
hard,6.3
hard,6.3
hard,6.3
hard,6.3
hard,6.3
hard,6.3
hard,6.3
hard,6.3
hard,6.2
hard,6.2
hard,6.2
hard,6.2
hard,6.2
hard,6.2
hard,6.2
hard,6.2
hard,6.2
hard,6.2
hard,6.2
hard,6.2
hard,6.2
hard,6.2
hard,6.2
hard,6.2
hard,6.2
hard,6.2
hard,6.2
hard,6.2
hard,6.2
hard,6.2
hard,6.2
hard,6.2
hard,6.2
hard,6.2
hard,6.2
hard,6.2
hard,6.2
hard,6.2
hard,6.2
hard,6.2
hard,6.2
hard,6.2
hard,6.2
hard,6.2
hard,6.2
hard,6.2
hard,6.2
hard,6.2
hard,6.2
hard,6.2
hard,6.2
hard,6.2
hard,6.2
hard,6.2
hard,6.2
hard,6.2
hard,6.2
hard,6.2
hard,6.2
hard,6.2
hard,6.2
hard,6.2
hard,6.2
hard,6.2
hard,6.2
hard,6.2
hard,6.2
hard,6.1
hard,6.1
hard,6.1
hard,6.1
hard,6.1
hard,6.1
hard,6.1
hard,6.1
hard,6.1
hard,6.1
hard,6.1
hard,6.1
hard,6.1
hard,6.1
hard,6.1
hard,6.1
hard,6.1
hard,6.1
hard,6.1
hard,6.1
hard,6.1
hard,6.1
hard,6.1
hard,6.1
hard,6.1
hard,6.1
hard,6.1
hard,6.1
hard,6.1
hard,6.1
hard,6.1
hard,6.1
hard,6.1
hard,6.1
hard,6.1
hard,6.1
hard,6.1
hard,6.1
hard,6.1
hard,6.1
hard,6.1
hard,6.1
hard,6.1
hard,6.1
hard,6.1
hard,6.1
hard,6.1
hard,6.1
hard,6.1
hard,6.1
hard,6.1
hard,6.1
hard,6.1
hard,6.1
hard,6.1
hard,6.1
hard,6.1
hard,6.1
hard,6.1
hard,6.1
hard,6.1
hard,6.1
hard,6.1
hard,6.1
hard,6.1
hard,6.1
hard,6.1
hard,6.1
hard,6.1
hard,6.1
hard,6.1
hard,6.1
hard,6.1
hard,6.0
hard,6.0
hard,6.0
hard,6.0
hard,6.0
hard,6.0
hard,6.0
hard,6.0
hard,6.0
hard,6.0
hard,6.0
hard,6.0
hard,6.0
hard,6.0
hard,6.0
hard,6.0
hard,6.0
hard,6.0
hard,6.0
hard,6.0
hard,6.0
hard,6.0
hard,6.0
hard,6.0
hard,6.0
hard,6.0
hard,6.0
hard,6.0
hard,6.0
hard,6.0
hard,6.0
hard,6.0
hard,6.0
hard,6.0
hard,6.0
hard,6.0
hard,6.0
hard,6.0
hard,6.0
hard,6.0
hard,6.0
hard,6.0
hard,6.0
hard,6.0
hard,6.0
hard,6.0
hard,6.0
hard,6.0
hard,6.0
hard,6.0
hard,6.0
hard,6.0
hard,6.0
hard,6.0
hard,6.0
hard,6.0
hard,6.0
hard,5.9
hard,5.9
hard,5.9
hard,5.9
hard,5.9
hard,5.9
hard,5.9
hard,5.9
hard,5.9
hard,5.9
hard,5.9
hard,5.9
hard,5.9
hard,5.9
hard,5.9
hard,5.9
hard,5.9
hard,5.9
hard,5.9
hard,5.9
hard,5.9
hard,5.9
hard,5.9
hard,5.9
hard,5.9
hard,5.9
hard,5.9
hard,5.9
hard,5.9
hard,5.9
hard,5.9
hard,5.9
hard,5.9
hard,5.9
hard,5.9
hard,5.9
hard,5.9
hard,5.9
hard,5.9
hard,5.9
hard,5.9
hard,5.9
hard,5.9
hard,5.9
hard,5.9
hard,5.9
hard,5.9
hard,5.9
hard,5.9
hard,5.9
hard,5.9
hard,5.9
hard,5.9
hard,5.9
hard,5.9
hard,5.9
hard,5.9
hard,5.9
hard,5.9
hard,5.9
hard,5.9
hard,5.9
hard,5.9
hard,5.9
hard,5.9
hard,5.9
hard,5.8
hard,5.8
hard,5.8
hard,5.8
hard,5.8
hard,5.8
hard,5.8
hard,5.8
hard,5.8
hard,5.8
hard,5.8
hard,5.8
hard,5.8
hard,5.8
hard,5.8
hard,5.8
hard,5.8
hard,5.8
hard,5.8
hard,5.8
hard,5.8
hard,5.8
hard,5.8
hard,5.8
hard,5.8
hard,5.8
hard,5.8
hard,5.8
hard,5.8
hard,5.8
hard,5.8
hard,5.8
hard,5.8
hard,5.8
hard,5.8
hard,5.8
hard,5.8
hard,5.8
hard,5.8
hard,5.8
hard,5.8
hard,5.8
hard,5.8
hard,5.8
hard,5.8
hard,5.8
hard,5.8
hard,5.8
hard,5.8
hard,5.8
hard,5.8
hard,5.8
hard,5.8
hard,5.8
hard,5.8
hard,5.8
hard,5.8
hard,5.8
hard,5.8
hard,5.8
hard,5.8
hard,5.8
hard,5.8
hard,5.8
hard,5.8
hard,5.8
hard,5.8
hard,5.8
hard,5.8
hard,5.8
hard,5.8
hard,5.8
hard,5.8
hard,5.8
hard,5.8
hard,5.8
hard,5.8
hard,5.8
hard,5.8
hard,5.8
hard,5.8
hard,5.8
hard,5.8
hard,5.8
hard,5.8
hard,5.8
hard,5.7
hard,5.7
hard,5.7
hard,5.7
hard,5.7
hard,5.7
hard,5.7
hard,5.7
hard,5.7
hard,5.7
hard,5.7
hard,5.7
hard,5.7
hard,5.7
hard,5.7
hard,5.7
hard,5.7
hard,5.7
hard,5.7
hard,5.7
hard,5.7
hard,5.7
hard,5.7
hard,5.7
hard,5.7
hard,5.7
hard,5.7
hard,5.7
hard,5.7
hard,5.7
hard,5.7
hard,5.7
hard,5.7
hard,5.7
hard,5.7
hard,5.7
hard,5.7
hard,5.7
hard,5.7
hard,5.7
hard,5.7
hard,5.7
hard,5.7
hard,5.7
hard,5.7
hard,5.7
hard,5.7
hard,5.7
hard,5.7
hard,5.7
hard,5.7
hard,5.7
hard,5.7
hard,5.7
hard,5.7
hard,5.7
hard,5.7
hard,5.7
hard,5.7
hard,5.7
hard,5.7
hard,5.7
hard,5.7
hard,5.7
hard,5.7
hard,5.7
hard,5.7
hard,5.7
hard,5.7
hard,5.7
hard,5.7
hard,5.7
hard,5.7
hard,5.6
hard,5.6
hard,5.6
hard,5.6
hard,5.6
hard,5.6
hard,5.6
hard,5.6
hard,5.6
hard,5.6
hard,5.6
hard,5.6
hard,5.6
hard,5.6
hard,5.6
hard,5.6
hard,5.6
hard,5.6
hard,5.6
hard,5.6
hard,5.6
hard,5.6
hard,5.6
hard,5.6
hard,5.6
hard,5.6
hard,5.6
hard,5.6
hard,5.6
hard,5.6
hard,5.6
hard,5.6
hard,5.6
hard,5.6
hard,5.6
hard,5.6
hard,5.6
hard,5.6
hard,5.6
hard,5.6
hard,5.6
hard,5.6
hard,5.6
hard,5.6
hard,5.6
hard,5.6
hard,5.6
hard,5.6
hard,5.6
hard,5.6
hard,5.6
hard,5.6
hard,5.6
hard,5.6
hard,5.6
hard,5.6
hard,5.6
hard,5.6
hard,5.6
hard,5.6
hard,5.6
hard,5.6
hard,5.6
hard,5.6
hard,5.6
hard,5.6
hard,5.6
hard,5.5
hard,5.5
hard,5.5
hard,5.5
hard,5.5
hard,5.5
hard,5.5
hard,5.5
hard,5.5
hard,5.5
hard,5.5
hard,5.5
hard,5.5
hard,5.5
hard,5.5
hard,5.5
hard,5.5
hard,5.5
hard,5.5
hard,5.5
hard,5.5
hard,5.5
hard,5.5
hard,5.5
hard,5.5
hard,5.5
hard,5.5
hard,5.5
hard,5.5
hard,5.5
hard,5.5
hard,5.5
hard,5.5
hard,5.5
hard,5.5
hard,5.5
hard,5.5
hard,5.5
hard,5.5
hard,5.5
hard,5.5
hard,5.5
hard,5.5
hard,5.5
hard,5.5
hard,5.5
hard,5.5
hard,5.5
hard,5.5
hard,5.5
hard,5.5
hard,5.5
medium,5.5
medium,5.5
medium,5.5
medium,5.5
medium,5.5
medium,5.5
medium,5.5
medium,5.4
medium,5.4
medium,5.4
medium,5.4
medium,5.4
medium,5.4
medium,5.4
medium,5.4
medium,5.4
medium,5.4
medium,5.4
medium,5.4
medium,5.4
medium,5.4
medium,5.4
medium,5.4
medium,5.4
medium,5.4
medium,5.4
medium,5.4
medium,5.4
medium,5.4
medium,5.4
medium,5.4
medium,5.4
medium,5.4
medium,5.4
medium,5.4
medium,5.4
medium,5.4
medium,5.4
medium,5.4
medium,5.4
medium,5.4
medium,5.4
medium,5.4
medium,5.4
medium,5.4
medium,5.4
medium,5.4
medium,5.4
medium,5.4
medium,5.4
medium,5.4
medium,5.4
medium,5.4
medium,5.4
medium,5.3
medium,5.3
medium,5.3
medium,5.3
medium,5.3
medium,5.3
medium,5.3
medium,5.3
medium,5.3
medium,5.3
medium,5.3
medium,5.3
medium,5.3
medium,5.3
medium,5.3
medium,5.3
medium,5.3
medium,5.3
medium,5.3
medium,5.3
medium,5.3
medium,5.3
medium,5.3
medium,5.3
medium,5.3
medium,5.3
medium,5.3
medium,5.3
medium,5.3
medium,5.3
medium,5.3
medium,5.3
medium,5.3
medium,5.3
medium,5.3
medium,5.3
medium,5.3
medium,5.3
medium,5.3
medium,5.3
medium,5.3
medium,5.3
medium,5.3
medium,5.3
medium,5.3
medium,5.2
medium,5.2
medium,5.2
medium,5.2
medium,5.2
medium,5.2
medium,5.2
medium,5.2
medium,5.2
medium,5.2
medium,5.2
medium,5.2
medium,5.2
medium,5.2
medium,5.2
medium,5.2
medium,5.2
medium,5.2
medium,5.2
medium,5.2
medium,5.2
medium,5.2
medium,5.2
medium,5.2
medium,5.2
medium,5.2
medium,5.2
medium,5.2
medium,5.2
medium,5.2
medium,5.2
medium,5.2
medium,5.2
medium,5.2
medium,5.2
medium,5.2
medium,5.2
medium,5.2
medium,5.2
medium,5.2
medium,5.2
medium,5.2
medium,5.2
medium,5.2
medium,5.2
medium,5.2
medium,5.2
medium,5.2
medium,5.2
medium,5.2
medium,5.2
medium,5.2
medium,5.2
medium,5.2
medium,5.2
medium,5.2
medium,5.2
medium,5.2
medium,5.2
medium,5.2
medium,5.1
medium,5.1
medium,5.1
medium,5.1
medium,5.1
medium,5.1
medium,5.1
medium,5.1
medium,5.1
medium,5.1
medium,5.1
medium,5.1
medium,5.1
medium,5.1
medium,5.1
medium,5.1
medium,5.1
medium,5.1
medium,5.1
medium,5.1
medium,5.1
medium,5.1
medium,5.1
medium,5.1
medium,5.1
medium,5.1
medium,5.1
medium,5.1
medium,5.1
medium,5.1
medium,5.1
medium,5.1
medium,5.1
medium,5.1
medium,5.1
medium,5.1
medium,5.1
medium,5.1
medium,5.1
medium,5.1
medium,5.1
medium,5.1
medium,5.1
medium,5.1
medium,5.1
medium,5.1
medium,5.1
medium,5.1
medium,5.1
medium,5.1
medium,5.1
medium,5.1
medium,5.1
medium,5.1
medium,5.1
medium,5.1
medium,5.1
medium,5.1
medium,5.1
medium,5.1
medium,5.1
medium,5.1
medium,5.1
medium,5.0
medium,5.0
medium,5.0
medium,5.0
medium,5.0
medium,5.0
medium,5.0
medium,5.0
medium,5.0
medium,5.0
medium,5.0
medium,5.0
medium,5.0
medium,5.0
medium,5.0
medium,5.0
medium,5.0
medium,5.0
medium,5.0
medium,5.0
medium,5.0
medium,5.0
medium,5.0
medium,5.0
medium,5.0
medium,5.0
medium,5.0
medium,5.0
medium,5.0
medium,5.0
medium,5.0
medium,5.0
medium,5.0
medium,5.0
medium,5.0
medium,5.0
medium,5.0
medium,5.0
medium,5.0
medium,5.0
medium,5.0
medium,5.0
medium,5.0
medium,5.0
medium,5.0
medium,5.0
medium,5.0
medium,5.0
medium,5.0
medium,5.0
medium,5.0
medium,5.0
medium,5.0
medium,4.9
medium,4.9
medium,4.9
medium,4.9
medium,4.9
medium,4.9
medium,4.9
medium,4.9
medium,4.9
medium,4.9
medium,4.9
medium,4.9
medium,4.9
medium,4.9
medium,4.9
medium,4.9
medium,4.9
medium,4.9
medium,4.9
medium,4.9
medium,4.9
medium,4.9
medium,4.9
medium,4.9
medium,4.9
medium,4.9
medium,4.9
medium,4.9
medium,4.9
medium,4.9
medium,4.9
medium,4.9
medium,4.9
medium,4.9
medium,4.9
medium,4.9
medium,4.9
medium,4.9
medium,4.9
medium,4.9
medium,4.9
medium,4.9
medium,4.9
medium,4.9
medium,4.9
medium,4.9
medium,4.9
medium,4.9
medium,4.9
medium,4.9
medium,4.9
medium,4.9
medium,4.9
medium,4.9
medium,4.9
medium,4.9
medium,4.8
medium,4.8
medium,4.8
medium,4.8
medium,4.8
medium,4.8
medium,4.8
medium,4.8
medium,4.8
medium,4.8
medium,4.8
medium,4.8
medium,4.8
medium,4.8
medium,4.8
medium,4.8
medium,4.8
medium,4.8
medium,4.8
medium,4.8
medium,4.8
medium,4.8
medium,4.8
medium,4.8
medium,4.8
medium,4.8
medium,4.8
medium,4.8
medium,4.8
medium,4.8
medium,4.8
medium,4.8
medium,4.8
medium,4.8
medium,4.8
medium,4.8
medium,4.8
medium,4.8
medium,4.8
medium,4.8
medium,4.8
medium,4.8
medium,4.8
medium,4.8
medium,4.8
medium,4.8
medium,4.8
medium,4.7
medium,4.7
medium,4.7
medium,4.7
medium,4.7
medium,4.7
medium,4.7
medium,4.7
medium,4.7
medium,4.7
medium,4.7
medium,4.7
medium,4.7
medium,4.7
medium,4.7
medium,4.7
medium,4.7
medium,4.7
medium,4.7
medium,4.7
medium,4.7
medium,4.7
medium,4.7
medium,4.7
medium,4.7
medium,4.7
medium,4.7
medium,4.7
medium,4.7
medium,4.7
medium,4.7
medium,4.7
medium,4.7
medium,4.7
medium,4.7
medium,4.7
medium,4.7
medium,4.7
medium,4.7
medium,4.7
medium,4.7
medium,4.7
medium,4.7
medium,4.7
medium,4.7
medium,4.7
medium,4.7
medium,4.7
medium,4.7
medium,4.7
medium,4.7
medium,4.7
medium,4.7
medium,4.7
medium,4.7
medium,4.7
medium,4.7
medium,4.7
medium,4.7
medium,4.7
medium,4.7
medium,4.7
medium,4.7
medium,4.7
medium,4.7
medium,4.6
medium,4.6
medium,4.6
medium,4.6
medium,4.6
medium,4.6
medium,4.6
medium,4.6
medium,4.6
medium,4.6
medium,4.6
medium,4.6
medium,4.6
medium,4.6
medium,4.6
medium,4.6
medium,4.6
medium,4.6
medium,4.6
medium,4.6
medium,4.6
medium,4.6
medium,4.6
medium,4.6
medium,4.6
medium,4.6
medium,4.6
medium,4.6
medium,4.6
medium,4.6
medium,4.6
medium,4.6
medium,4.6
medium,4.6
medium,4.6
medium,4.6
medium,4.6
medium,4.6
medium,4.6
medium,4.6
medium,4.6
medium,4.6
medium,4.6
medium,4.6
medium,4.5
medium,4.5
medium,4.5
medium,4.5
medium,4.5
medium,4.5
medium,4.5
medium,4.5
medium,4.5
medium,4.5
medium,4.5
medium,4.5
medium,4.5
medium,4.5
medium,4.5
medium,4.5
medium,4.5
medium,4.5
medium,4.5
medium,4.5
medium,4.5
medium,4.5
medium,4.5
medium,4.5
medium,4.5
medium,4.5
medium,4.5
medium,4.5
medium,4.5
medium,4.5
medium,4.5
medium,4.5
medium,4.5
medium,4.5
medium,4.5
medium,4.5
medium,4.5
medium,4.5
medium,4.5
medium,4.5
medium,4.5
medium,4.5
medium,4.5
medium,4.5
medium,4.5
medium,4.5
medium,4.5
medium,4.5
medium,4.5
medium,4.5
medium,4.5
medium,4.5
medium,4.4
medium,4.4
medium,4.4
medium,4.4
medium,4.4
medium,4.4
medium,4.4
medium,4.4
medium,4.4
medium,4.4
medium,4.4
medium,4.4
medium,4.4
medium,4.4
medium,4.4
medium,4.4
medium,4.4
medium,4.4
medium,4.4
medium,4.4
medium,4.4
medium,4.4
medium,4.4
medium,4.4
medium,4.4
medium,4.4
medium,4.4
medium,4.4
medium,4.4
medium,4.4
medium,4.4
medium,4.4
medium,4.4
medium,4.4
medium,4.4
medium,4.4
medium,4.4
medium,4.4
medium,4.4
medium,4.3
medium,4.3
medium,4.3
medium,4.3
medium,4.3
medium,4.3
medium,4.3
medium,4.3
medium,4.3
medium,4.3
medium,4.3
medium,4.3
medium,4.3
medium,4.3
medium,4.3
medium,4.3
medium,4.3
medium,4.3
medium,4.3
medium,4.3
medium,4.3
medium,4.3
medium,4.3
medium,4.3
medium,4.3
medium,4.3
medium,4.2
medium,4.3
medium,4.3
medium,4.3
medium,4.3
medium,4.3
medium,4.3
medium,4.3
medium,4.3
medium,4.3
medium,4.3
medium,4.3
medium,4.3
medium,4.3
medium,4.3
medium,4.3
medium,4.3
medium,4.3
medium,4.3
medium,4.3
medium,4.3
medium,4.3
medium,4.3
medium,4.3
medium,4.3
medium,4.3
medium,4.2
medium,4.2
medium,4.2
medium,4.2
medium,4.2
medium,4.2
medium,4.2
medium,4.2
medium,4.2
medium,4.2
medium,4.1
medium,4.2
medium,4.2
medium,4.2
medium,4.2
medium,4.2
medium,4.2
medium,4.2
medium,4.2
medium,4.2
medium,4.2
medium,4.2
medium,4.2
medium,4.2
medium,4.2
medium,4.2
medium,4.2
medium,4.2
medium,4.2
medium,4.2
medium,4.2
medium,4.2
medium,4.2
medium,4.2
medium,4.2
medium,4.2
medium,4.2
medium,4.2
medium,4.2
medium,4.2
medium,4.2
medium,4.2
medium,4.2
medium,4.2
medium,4.2
medium,4.2
medium,4.2
medium,4.2
medium,4.3
medium,4.2
medium,4.2
medium,4.2
medium,4.2
medium,4.1
medium,4.1
medium,4.1
medium,4.1
medium,4.1
medium,4.1
medium,4.1
medium,4.1
medium,4.1
medium,4.1
medium,4.1
medium,4.1
medium,4.1
medium,4.1
medium,4.1
medium,4.1
medium,4.1
medium,4.1
medium,4.1
medium,4.1
medium,4.1
medium,4.1
medium,4.1
medium,4.1
medium,4.1
medium,4.1
medium,4.1
medium,4.1
medium,4.1
medium,4.1
medium,4.1
medium,4.1
medium,4.1
medium,4.1
medium,4.1
medium,4.1
medium,4.1
medium,4.1
medium,4.1
medium,4.1
medium,4.1
medium,4.1
medium,4.2
medium,4.1
medium,3.7
medium,4.1
medium,4.1
medium,4.1
medium,4.1
medium,4.1
medium,4.0
medium,4.1
medium,4.1
medium,4.1
medium,4.0
medium,4.0
medium,4.0
medium,4.0
medium,4.0
medium,4.0
medium,4.0
medium,4.0
medium,4.0
medium,4.0
medium,4.0
medium,4.0
medium,4.0
medium,4.0
medium,4.0
medium,4.0
medium,4.0
medium,4.1
medium,4.0
medium,4.0
medium,4.0
medium,4.0
medium,4.0
medium,4.0
medium,4.0
medium,4.0
medium,4.0
medium,4.0
medium,4.0
medium,4.0
medium,4.0
medium,4.0
medium,4.0
medium,4.0
medium,4.0
medium,4.0
medium,4.0
medium,4.0
medium,4.0
medium,4.0
medium,4.0
medium,3.9
medium,4.0
medium,4.0
medium,4.0
medium,4.0
medium,4.0
medium,4.0
medium,4.0
medium,4.0
medium,4.0
medium,4.0
medium,4.0
medium,4.0
medium,4.0
medium,4.0
medium,4.0
medium,4.0
medium,4.0
medium,3.9
medium,3.8
medium,4.0
medium,3.9
medium,3.9
medium,3.9
medium,4.0
medium,3.9
medium,3.9
medium,3.9
medium,3.8
medium,4.0
medium,3.9
medium,3.9
medium,3.9
medium,3.9
medium,3.9
medium,3.9
medium,3.9
medium,3.9
medium,3.9
medium,3.9
medium,3.9
medium,3.9
medium,3.9
medium,3.9
medium,3.9
medium,3.9
medium,3.9
medium,3.9
medium,3.9
medium,3.9
medium,3.9
medium,3.9
medium,3.9
medium,3.9
medium,3.9
medium,3.9
medium,3.9
medium,3.9
medium,3.9
medium,3.9
medium,3.9
medium,3.9
medium,3.9
medium,3.9
medium,3.9
medium,3.9
medium,3.9
medium,3.9
medium,3.9
medium,3.9
medium,3.9
medium,3.8
medium,3.8
medium,3.8
medium,3.8
medium,3.8
medium,3.8
medium,3.8
medium,3.8
medium,3.8
medium,3.8
medium,3.8
medium,3.8
medium,3.8
medium,3.8
medium,3.8
medium,3.8
medium,3.8
medium,3.8
medium,3.8
medium,3.8
medium,3.8
medium,3.8
medium,3.8
medium,3.8
medium,3.8
medium,3.8
medium,3.8
medium,3.8
medium,3.8
medium,3.8
medium,3.8
medium,3.8
medium,3.8
medium,3.8
medium,3.8
medium,3.8
medium,3.8
medium,3.8
medium,3.8
medium,3.8
medium,3.8
medium,3.8
medium,3.8
medium,3.8
medium,3.8
medium,3.8
medium,3.8
medium,3.8
medium,3.8
medium,3.8
medium,3.7
medium,3.7
medium,3.7
medium,3.7
medium,3.7
medium,3.7
medium,3.7
medium,3.7
medium,3.7
medium,3.7
medium,3.7
medium,3.7
medium,3.7
medium,3.7
medium,3.7
medium,3.7
medium,3.7
medium,3.7
medium,3.7
medium,3.7
medium,3.7
medium,3.7
medium,3.7
medium,3.7
medium,3.7
medium,3.7
medium,3.7
medium,3.7
medium,3.7
medium,3.7
medium,3.7
medium,3.8
medium,3.7
medium,3.7
medium,3.7
medium,3.7
medium,3.7
medium,3.7
medium,3.7
medium,3.7
medium,3.7
medium,3.7
medium,3.7
medium,3.7
medium,3.7
medium,3.7
medium,3.7
medium,3.7
medium,3.7
medium,3.7
medium,3.7
medium,3.7
medium,3.7
medium,3.7
medium,3.7
medium,3.7
medium,3.7
medium,3.7
medium,3.7
medium,3.7
medium,3.6
medium,3.6
medium,3.6
medium,3.6
medium,3.6
medium,3.6
medium,3.5
medium,3.6
medium,3.6
medium,3.6
medium,3.6
medium,3.6
medium,3.7
medium,3.6
medium,3.7
medium,3.6
medium,3.6
medium,3.6
medium,3.6
medium,3.6
medium,3.6
medium,3.6
medium,3.6
medium,3.6
medium,3.6
medium,3.6
medium,3.6
medium,3.6
medium,3.6
medium,3.6
medium,3.5
medium,3.6
medium,3.6
medium,3.6
medium,3.6
medium,3.6
medium,3.6
medium,3.6
medium,3.7
medium,3.6
medium,3.6
medium,3.6
medium,3.6
medium,3.6
medium,3.6
medium,3.6
medium,3.6
medium,3.6
medium,3.6
medium,3.6
medium,3.6
medium,3.6
medium,3.7
medium,3.6
medium,3.6
medium,3.6
medium,3.6
medium,3.6
medium,3.6
medium,3.5
medium,3.4
medium,3.5
medium,3.5
medium,3.4
medium,3.5
medium,3.5
medium,3.5
medium,3.5
medium,3.5
medium,3.5
medium,3.5
medium,3.5
medium,3.4
medium,3.5
medium,3.5
medium,3.5
medium,3.5
medium,3.5
medium,3.5
medium,3.5
medium,3.5
medium,3.5
medium,3.5
medium,3.5
medium,3.5
medium,3.5
medium,3.5
medium,3.5
medium,3.5
medium,3.5
medium,3.5
medium,3.5
medium,3.5
medium,3.5
medium,3.5
medium,3.5
medium,3.5
medium,3.6
medium,3.5
medium,3.5
medium,3.5
medium,3.5
medium,3.5
medium,3.4
medium,3.4
medium,3.4
medium,3.4
medium,3.4
medium,3.4
medium,3.4
medium,3.5
medium,3.4
medium,3.4
medium,3.4
medium,3.4
medium,3.4
medium,3.4
medium,3.4
medium,3.4
medium,3.4
medium,3.4
medium,3.4
medium,3.5
medium,3.4
medium,3.4
medium,3.3
medium,3.4
medium,3.4
medium,3.4
medium,3.4
medium,3.4
medium,3.4
medium,3.4
medium,3.4
medium,3.4
medium,3.4
medium,3.3
medium,3.4
medium,3.4
medium,3.4
medium,3.4
medium,3.4
medium,3.4
medium,3.4
medium,3.4
medium,3.4
medium,3.4
medium,3.4
medium,3.4
medium,3.4
medium,3.3
medium,3.3
medium,3.3
medium,3.3
medium,3.3
medium,3.3
medium,3.3
medium,3.3
medium,3.3
medium,3.3
medium,3.3
medium,3.3
medium,3.3
medium,3.3
medium,3.3
medium,3.3
medium,3.3
medium,3.3
medium,3.3
medium,3.3
medium,3.3
medium,3.3
medium,3.3
medium,3.3
medium,3.3
medium,3.3
medium,3.3
medium,3.3
medium,3.3
medium,3.3
medium,3.3
medium,3.3
medium,3.3
medium,3.3
medium,3.3
medium,3.4
medium,3.3
medium,3.3
medium,3.3
medium,3.3
medium,3.3
medium,3.3
medium,3.3
medium,3.3
medium,3.3
medium,3.3
medium,3.3
medium,3.3
medium,3.3
medium,3.3
medium,3.3
medium,3.3
medium,3.3
medium,3.2
medium,3.2
medium,3.2
medium,3.2
medium,3.2
medium,3.2
medium,3.2
medium,3.2
medium,3.2
medium,3.2
medium,3.2
medium,3.2
medium,3.2
medium,3.2
medium,3.2
medium,3.2
medium,3.2
medium,3.2
medium,3.2
medium,3.2
medium,3.2
medium,3.2
medium,3.2
medium,3.2
medium,3.1
medium,3.1
medium,3.2
medium,3.2
medium,3.2
medium,3.2
medium,3.2
medium,3.2
medium,3.2
medium,3.3
medium,3.2
medium,3.2
medium,3.1
medium,3.2
medium,3.2
medium,3.2
medium,3.2
medium,3.2
medium,3.2
medium,3.2
medium,3.2
medium,3.1
medium,3.1
medium,3.1
medium,3.1
medium,3.1
medium,3.1
medium,3.1
medium,3.1
medium,3.1
medium,3.1
medium,3.1
medium,3.1
medium,3.1
medium,3.1
medium,3.1
medium,3.1
medium,3.1
medium,3.1
medium,3.1
medium,3.1
medium,3.1
medium,3.1
medium,3.0
medium,3.1
medium,3.1
medium,3.1
medium,3.1
medium,3.1
medium,3.1
medium,3.1
medium,3.1
medium,3.1
medium,3.1
medium,3.1
medium,3.1
medium,3.1
medium,3.1
medium,3.1
medium,3.1
medium,3.1
medium,3.1
medium,3.1
medium,3.1
medium,3.1
medium,3.2
medium,3.1
medium,3.1
medium,3.1
medium,3.1
medium,3.1
medium,3.0
medium,3.0
medium,3.0
medium,3.0
medium,3.0
medium,3.0
medium,3.0
medium,2.9
medium,3.0
medium,3.0
medium,3.0
medium,3.0
medium,3.0
medium,3.1
medium,3.0
medium,3.0
medium,3.0
medium,3.0
medium,3.0
medium,3.0
medium,3.0
medium,3.0
medium,3.0
medium,3.0
medium,3.0
medium,3.0
medium,3.0
medium,3.0
medium,3.0
medium,3.0
medium,3.0
medium,3.0
medium,3.0
medium,3.0
medium,3.0
medium,3.0
medium,3.0
medium,3.0
medium,3.0
medium,3.0
medium,3.0
medium,3.0
medium,3.0
medium,3.0
medium,3.0
medium,3.0
medium,3.0
medium,3.0
medium,3.0
medium,3.0
medium,3.0
medium,3.0
medium,3.0
medium,3.0
medium,3.0
medium,3.0
medium,3.0
medium,3.0
medium,3.0
medium,3.0
medium,3.0
medium,3.0
medium,3.0
medium,3.0
medium,2.9
medium,2.9
medium,2.9
medium,2.9
medium,2.9
medium,2.9
medium,2.9
medium,2.9
medium,2.9
medium,2.9
medium,2.9
medium,2.9
medium,2.9
medium,2.9
medium,2.9
medium,2.9
medium,2.9
medium,2.9
medium,2.9
medium,2.9
medium,2.9
medium,2.9
medium,2.9
medium,3.0
medium,2.9
medium,2.9
medium,2.9
medium,2.9
medium,2.9
medium,2.9
medium,2.9
medium,2.9
medium,2.9
medium,2.9
medium,2.9
medium,2.9
medium,2.9
medium,2.9
medium,2.9
medium,2.9
medium,2.9
medium,2.9
medium,2.9
medium,2.9
medium,2.9
medium,2.9
medium,2.9
medium,2.8
medium,2.8
medium,2.8
medium,2.8
medium,2.8
medium,2.8
medium,2.8
easy,2.7
medium,2.8
medium,2.8
medium,2.8
medium,2.8
medium,2.8
medium,2.8
medium,2.8
medium,2.8
medium,2.8
medium,2.8
medium,2.8
medium,2.8
medium,2.8
medium,2.8
medium,2.8
medium,2.8
medium,2.8
medium,2.8
medium,2.8
medium,2.8
medium,2.8
medium,2.8
medium,2.9
easy,2.7
medium,2.8
medium,2.9
easy,2.8
easy,2.6
easy,2.7
medium,2.8
easy,2.7
easy,2.7
easy,2.7
easy,2.7
easy,2.7
easy,2.7
easy,2.6
easy,2.7
easy,2.7
easy,2.7
medium,2.8
easy,2.7
easy,2.7
medium,2.8
easy,2.7
easy,2.7
easy,2.7
easy,2.7
easy,2.7
medium,2.8
easy,2.7
easy,2.7
easy,2.7
easy,2.7
medium,2.8
easy,2.7
easy,2.7
easy,2.7
easy,2.7
easy,2.7
easy,2.7
easy,2.7
easy,2.7
easy,2.7
easy,2.7
easy,2.7
easy,2.6
easy,2.6
easy,2.6
easy,2.6
easy,2.6
easy,2.6
easy,2.6
easy,2.6
easy,2.6
easy,2.6
easy,2.6
easy,2.6
easy,2.6
easy,2.6
easy,2.6
easy,2.6
easy,2.6
easy,2.6
easy,2.6
easy,2.6
easy,2.6
easy,2.6
easy,2.6
easy,2.6
easy,2.6
easy,2.6
easy,2.6
easy,2.5
easy,2.6
easy,2.6
easy,2.6
easy,2.6
easy,2.6
easy,2.6
easy,2.6
easy,2.6
easy,2.6
easy,2.6
easy,2.6
easy,2.6
easy,2.6
easy,2.6
easy,2.6
easy,2.6
easy,2.6
easy,2.6
easy,2.6
easy,2.7
easy,2.6
easy,2.6
easy,2.6
easy,2.6
easy,2.6
easy,2.6
easy,2.6
easy,2.5
easy,2.5
easy,2.5
easy,2.5
easy,2.5
easy,2.5
easy,2.5
easy,2.5
easy,2.5
easy,2.5
easy,2.6
easy,2.5
easy,2.5
easy,2.5
easy,2.5
easy,2.5
easy,2.5
easy,2.5
easy,2.5
easy,2.5
easy,2.4
easy,2.5
easy,2.5
easy,2.5
easy,2.5
easy,2.5
easy,2.5
easy,2.5
easy,2.4
easy,2.5
easy,2.5
easy,2.5
easy,2.5
easy,2.5
easy,2.5
easy,2.6
easy,2.5
easy,2.5
easy,2.4
easy,2.4
easy,2.4
easy,2.4
easy,2.4
easy,2.4
easy,2.4
easy,2.4
easy,2.4
easy,2.4
easy,2.4
easy,2.4
easy,2.4
easy,2.4
easy,2.4
easy,2.4
easy,2.4
easy,2.4
easy,2.4
easy,2.4
easy,2.4
easy,2.4
easy,2.4
easy,2.4
easy,2.3
easy,2.4
easy,2.4
easy,2.4
easy,2.4
easy,2.3
easy,2.4
easy,2.5
easy,2.4
easy,2.4
easy,2.4
easy,2.4
easy,2.4
easy,2.4
easy,2.4
easy,2.4
easy,2.4
easy,2.4
easy,2.4
easy,2.4
easy,2.4
easy,2.4
easy,2.4
easy,2.4
easy,2.4
easy,2.4
easy,2.3
easy,2.3
easy,2.2
easy,2.3
easy,2.3
easy,2.3
easy,2.3
easy,2.3
easy,2.3
easy,2.4
easy,2.3
easy,2.3
easy,2.3
easy,2.3
easy,2.3
easy,2.3
easy,2.3
easy,2.3
easy,2.3
easy,2.3
easy,2.3
easy,2.3
easy,2.3
easy,2.3
easy,2.3
easy,2.3
easy,2.3
easy,2.3
easy,2.3
easy,2.3
easy,2.3
easy,2.3
easy,2.3
easy,2.3
easy,2.3
easy,2.3
easy,2.3
easy,2.3
easy,2.3
easy,2.3
easy,2.3
easy,2.3
easy,2.3
easy,2.3
easy,2.3
easy,2.3
easy,2.3
easy,2.3
easy,2.3
easy,2.3
easy,2.3
easy,2.3
easy,2.3
easy,2.3
easy,2.3
easy,2.3
easy,2.3
easy,2.3
easy,2.3
easy,2.2
easy,2.2
easy,2.2
easy,2.2
easy,2.2
easy,2.2
easy,2.2
easy,2.2
easy,2.2
easy,2.2
easy,2.2
easy,2.2
easy,2.2
easy,2.2
easy,2.2
easy,2.2
easy,2.2
easy,2.2
easy,2.2
easy,2.3
easy,2.2
easy,2.2
easy,2.2
easy,2.2
easy,2.2
easy,2.2
easy,2.2
easy,2.2
easy,2.2
easy,2.2
easy,2.2
easy,2.2
easy,2.2
easy,2.2
easy,2.2
easy,2.2
easy,2.2
easy,2.3
easy,2.2
easy,2.2
easy,2.2
easy,2.2
easy,2.2
easy,2.1
easy,2.1
easy,2.1
easy,2.1
easy,2.1
easy,2.1
easy,2.1
easy,2.1
easy,2.1
easy,2.1
easy,2.1
easy,2.1
easy,2.1
easy,2.1
easy,2.1
easy,2.1
easy,2.1
easy,2.1
easy,2.2
easy,2.1
easy,2.1
easy,2.1
easy,2.1
easy,2.1
easy,2.2
easy,2.1
easy,2.1
easy,2.1
easy,2.1
easy,2.1
easy,2.1
easy,2.1
easy,2.1
easy,2.1
easy,2.1
easy,2.2
easy,2.1
easy,2.1
easy,2.1
easy,2.1
easy,2.1
easy,2.1
easy,2.1
easy,2.1
easy,2.1
easy,2.1
easy,2.1
easy,2.1
easy,2.1
easy,2.1
easy,2.1
easy,2.1
easy,2.1
easy,2.1
easy,2.1
easy,2.1
easy,2.1
easy,2.1
easy,2.1
easy,2.1
easy,2.1
easy,2.1
easy,2.1
easy,2.1
easy,2.1
easy,2.1
easy,2.1
easy,2.0
easy,2.0
easy,2.0
easy,2.0
easy,2.0
easy,2.0
easy,2.0
easy,2.0
easy,2.0
easy,2.0
easy,2.0
easy,2.1
easy,2.0
easy,2.0
easy,2.0
easy,2.0
easy,2.0
easy,2.0
easy,2.0
easy,2.1
easy,2.0
easy,2.0
easy,1.9
easy,2.0
easy,2.0
easy,2.0
easy,2.0
easy,2.0
easy,2.0
easy,2.0
easy,2.0
easy,2.0
easy,2.0
easy,2.0
easy,2.0
easy,2.0
easy,2.0
easy,2.0
easy,2.0
easy,2.0
easy,2.0
easy,2.0
easy,2.0
easy,2.0
easy,2.0
easy,2.0
easy,2.0
easy,2.0
easy,2.0
easy,1.9
easy,1.9
easy,1.9
easy,1.9
easy,1.9
easy,1.9
easy,1.9
easy,1.9
easy,1.9
easy,1.9
easy,1.9
easy,1.9
easy,1.9
easy,1.9
easy,1.8
easy,1.9
easy,1.9
easy,1.9
easy,1.9
easy,1.9
easy,1.9
easy,1.9
easy,1.9
easy,1.9
easy,1.9
easy,1.9
easy,1.9
easy,1.9
easy,1.9
easy,1.9
easy,1.9
easy,1.9
easy,1.9
easy,1.9
easy,1.9
easy,1.9
easy,1.9
easy,1.9
easy,1.9
easy,1.9
easy,1.9
easy,1.9
easy,1.9
easy,1.9
easy,2.0
easy,1.8
easy,1.8
easy,1.8
easy,1.8
easy,1.8
easy,1.8
easy,1.8
easy,1.8
easy,1.8
easy,1.8
easy,1.8
easy,1.9
easy,1.8
easy,1.8
easy,1.8
easy,1.8
easy,1.8
easy,1.8
easy,1.8
easy,1.8
easy,1.8
easy,1.8
easy,1.8
easy,1.8
easy,1.8
easy,1.8
easy,1.8
easy,1.8
easy,1.8
easy,1.8
easy,1.8
easy,1.8
easy,1.8
easy,1.8
easy,1.8
easy,1.8
easy,1.8
easy,1.8
easy,1.8
easy,1.8
easy,1.8
easy,1.8
easy,1.8
easy,1.8
easy,1.8
easy,1.8
easy,1.8
easy,1.8
easy,1.8
easy,1.8
easy,1.8
easy,1.8
easy,1.7
easy,1.7
easy,1.7
easy,1.7
easy,1.7
easy,1.7
easy,1.7
easy,1.7
easy,1.7
easy,1.7
easy,1.7
easy,1.7
easy,1.7
easy,1.7
easy,1.7
easy,1.7
easy,1.7
easy,1.7
easy,1.7
easy,1.7
easy,1.7
easy,1.7
easy,1.7
easy,1.7
easy,1.7
easy,1.8
easy,1.7
easy,1.7
easy,1.7
easy,1.7
easy,1.7
easy,1.7
easy,1.7
easy,1.7
easy,1.7
easy,1.7
easy,1.7
easy,1.7
easy,1.7
easy,1.7
easy,1.7
easy,1.7
easy,1.7
easy,1.6
easy,1.7
easy,1.7
easy,1.7
easy,1.7
easy,1.6
easy,1.6
easy,1.6
easy,1.6
easy,1.6
easy,1.6
easy,1.6
easy,1.6
easy,1.6
easy,1.6
easy,1.6
easy,1.6
easy,1.6
easy,1.6
easy,1.6
easy,1.6
easy,1.6
easy,1.6
easy,1.6
easy,1.6
easy,1.6
easy,1.6
easy,1.6
easy,1.6
easy,1.6
easy,1.6
easy,1.6
easy,1.6
easy,1.6
easy,1.6
easy,1.6
easy,1.5
easy,1.6
easy,1.6
easy,1.6
easy,1.6
easy,1.6
easy,1.6
easy,1.6
easy,1.6
easy,1.6
easy,1.6
easy,1.5
easy,1.6
easy,1.6
easy,1.6
easy,1.6
easy,1.6
easy,1.6
easy,1.6
easy,1.6
easy,1.6
easy,1.6
easy,1.6
easy,1.6
easy,1.6
easy,1.6
easy,1.6
easy,1.6
easy,1.6
easy,1.6
easy,1.6
easy,1.6
easy,1.6
easy,1.5
easy,1.5
easy,1.5
easy,1.5
easy,1.5
easy,1.5
easy,1.5
easy,1.5
easy,1.5
easy,1.5
easy,1.5
easy,1.5
easy,1.5
easy,1.5
easy,1.5
easy,1.5
easy,1.5
easy,1.5
easy,1.5
easy,1.5
easy,1.5
easy,1.5
easy,1.5
easy,1.5
easy,1.5
easy,1.5
easy,1.5
easy,1.5
easy,1.5
easy,1.5
easy,1.5
easy,1.5
easy,1.5
easy,1.5
easy,1.5
easy,1.5
easy,1.5
easy,1.5
easy,1.5
easy,1.5
easy,1.6
easy,1.5
easy,1.4
easy,1.5
easy,1.5
easy,1.5
easy,1.5
easy,1.5
easy,1.5
easy,1.5
easy,1.5
easy,1.5
easy,1.5
easy,1.5
easy,1.5
easy,1.5
easy,1.5
easy,1.5
easy,1.5
easy,1.5
easy,1.5
easy,1.5
easy,1.6
easy,1.4
easy,1.3
easy,1.4
easy,1.4
easy,1.4
easy,1.4
easy,1.4
easy,1.4
easy,1.4
easy,1.4
easy,1.4
easy,1.4
easy,1.4
easy,1.4
easy,1.4
easy,1.4
easy,1.4
easy,1.4
easy,1.4
easy,1.4
easy,1.4
easy,1.4
easy,1.4
easy,1.4
easy,1.4
easy,1.4
easy,1.4
easy,1.4
easy,1.4
easy,1.5
easy,1.5
easy,1.4
easy,1.4
easy,1.4
easy,1.4
easy,1.4
easy,1.4
easy,1.3
easy,1.3
easy,1.3
easy,1.2
easy,1.4
easy,1.3
easy,1.3
easy,1.3
easy,1.3
easy,1.3
easy,1.3
easy,1.3
easy,1.3
easy,1.3
easy,1.3
easy,1.3
easy,1.3
easy,1.3
easy,1.3
easy,1.3
easy,1.3
easy,1.3
easy,1.3
easy,1.3
easy,1.3
easy,1.3
easy,1.3
easy,1.3
easy,1.3
easy,1.3
easy,1.2
easy,1.2
easy,1.2
easy,1.2
easy,1.2
easy,1.2
easy,1.2
easy,1.2
easy,1.2
easy,1.2
easy,1.2
easy,1.2
easy,1.1
easy,1.2
easy,1.2
easy,1.2
easy,1.2
easy,1.2
easy,1.2
easy,1.2
easy,1.2
easy,1.1
easy,1.1
easy,1.1
easy,1.1
easy,1.1
easy,1.1
easy,1.1
easy,1.1
hard,6.5
